<?xml version="1.0" encoding="UTF-8"?>
<projectDescription>
	<name>Spring2015-Proj3</name>
	<comment></comment>
	<projects>
	</projects>
	<buildSpec>
		<buildCommand>
			<name>org.eclipse.jdt.core.javabuilder</name>
			<arguments>
			</arguments>
		</buildCommand>
	</buildSpec>
	<natures>
		<nature>org.eclipse.jdt.core.javanature</nature>
		<nature>edu.umd.cs.eclipse.courseProjectManager.autoRunLogNature</nature>
		<nature>edu.umd.cs.eclipse.courseProjectManager.autoCVSNature</nature>
		<nature>edu.umd.cs.eclipse.courseProjectManager.autoSyncNature</nature>
	</natures>
</projectDescription>
